CONVERSATION ID,CONVERSATION TITLE,FROM,SENDER PROFILE URL,TO,DATE,SUBJECT,CONTENT,FOLDER
conv-001,Sarah Chen,Sarah Chen,https://linkedin.com/in/sarachen,Valentin Garnier,2024-01-15 10:30:00,,Hey! I saw your post about AI development. Really interesting perspective!,inbox
conv-001,Sarah Chen,Valentin Garnier,https://linkedin.com/in/valentingarnier,Sarah Chen,2024-01-15 11:45:00,,Thanks Sarah! I've been diving deep into LLM applications lately. What's your focus area?,inbox
conv-001,Sarah Chen,Sarah Chen,https://linkedin.com/in/sarachen,Valentin Garnier,2024-01-15 14:20:00,,I'm working on NLP for healthcare. Would love to chat about potential collaborations!,inbox
conv-001,Sarah Chen,Valentin Garnier,https://linkedin.com/in/valentingarnier,Sarah Chen,2024-01-16 09:00:00,,"Absolutely! Let's schedule a call next week. Tuesday works for me, how about you?",inbox
conv-002,Marcus Johnson,Marcus Johnson,https://linkedin.com/in/marcusjohnson,Valentin Garnier,2024-01-10 16:00:00,,Congrats on the new role! Heard great things about the team.,inbox
conv-002,Marcus Johnson,Valentin Garnier,https://linkedin.com/in/valentingarnier,Marcus Johnson,2024-01-10 17:30:00,,Thanks Marcus! It's been an exciting transition. How's your startup going?,inbox
conv-002,Marcus Johnson,Marcus Johnson,https://linkedin.com/in/marcusjohnson,Valentin Garnier,2024-01-11 08:15:00,,"We just closed our Series A! Would be great to have you as an advisor if you're interested.",inbox
conv-003,Elena Rodriguez,Elena Rodriguez,https://linkedin.com/in/elenarodriguez,Valentin Garnier,2024-01-08 12:00:00,,Hi Valentin! I'm organizing a tech meetup in Paris next month. Would you be interested in speaking?,inbox
conv-003,Elena Rodriguez,Valentin Garnier,https://linkedin.com/in/valentingarnier,Elena Rodriguez,2024-01-08 15:30:00,,"That sounds great Elena! What topics are you looking for? I could talk about building production ML systems.",inbox
conv-003,Elena Rodriguez,Elena Rodriguez,https://linkedin.com/in/elenarodriguez,Valentin Garnier,2024-01-09 10:00:00,,Perfect! That's exactly what we need. The event is on Feb 15th. I'll send you the details.,inbox
conv-004,David Kim,David Kim,https://linkedin.com/in/davidkim,Valentin Garnier,2024-01-05 09:00:00,,Quick question about your recent article on system design - how do you handle data consistency in distributed systems?,inbox
conv-004,David Kim,Valentin Garnier,https://linkedin.com/in/valentingarnier,David Kim,2024-01-05 11:00:00,,"Great question! It depends on your use case. For eventual consistency, I recommend event sourcing with CQRS. For strong consistency, look into distributed consensus protocols like Raft.",inbox
conv-005,Recruitment Team,LinkedIn Recruiter,https://linkedin.com/in/recruiter,Valentin Garnier,2024-01-03 14:00:00,Exciting opportunity at Tech Corp,Hi Valentin! I came across your profile and was impressed by your experience. We have an exciting Staff Engineer role...,inbox
conv-006,Anna Martinez,Anna Martinez,https://linkedin.com/in/annamartinez,Valentin Garnier,2024-01-20 18:00:00,,Hey! Thanks for connecting. I noticed we both worked at the same company years ago. Small world!,inbox
conv-006,Anna Martinez,Valentin Garnier,https://linkedin.com/in/valentingarnier,Anna Martinez,2024-01-20 19:30:00,,Oh wow really? What year were you there? I was in the engineering team from 2019-2021.,inbox
conv-006,Anna Martinez,Anna Martinez,https://linkedin.com/in/annamartinez,Valentin Garnier,2024-01-21 08:00:00,,I was in product management 2020-2022! We probably crossed paths at the all-hands meetings. How's life after?,inbox
conv-007,Pierre Dupont,Valentin Garnier,https://linkedin.com/in/valentingarnier,Pierre Dupont,2024-01-22 10:00:00,,Hey Pierre! Just saw your post about the new product launch. Congrats!,inbox
conv-007,Pierre Dupont,Valentin Garnier,https://linkedin.com/in/valentingarnier,Pierre Dupont,2024-01-22 10:05:00,,Would love to catch up sometime and hear more about it.,inbox
conv-008,Marie Laurent,Valentin Garnier,https://linkedin.com/in/valentingarnier,Marie Laurent,2024-01-23 14:00:00,,Hi Marie! Thanks for connecting. I noticed you're working on AI ethics - fascinating field!,inbox
